{"cameraMode":{"drawMode":1,"name":"Wireframe","section":"Shading Mode"},"sceneLighting":true,"audioPlay":false,"sceneViewState":{"showFog":true,"showMaterialUpdate":false,"showSkybox":true,"showFlares":true,"showImageEffects":true,"showParticleSystems":true},"in2DMode":false,"pivot":{"x":26.27033233642578,"y":-101.94989013671875,"z":67.84199523925781},"rotation":{"x":-0.32856884598731997,"y":-0.010769138112664223,"z":0.0037468269001692535,"w":-0.9444146156311035},"size":191.18690490722657,"orthographic":false}