{"cameraMode":{"drawMode":0,"name":"Shaded","section":"Shading Mode"},"sceneLighting":true,"audioPlay":false,"sceneViewState":{"showFog":true,"showMaterialUpdate":false,"showSkybox":true,"showFlares":true,"showImageEffects":true,"showParticleSystems":true},"in2DMode":false,"pivot":{"x":-0.8106147646903992,"y":4.726386547088623,"z":0.08760801702737808},"rotation":{"x":-0.07753220945596695,"y":0.8735554218292236,"z":-0.1481616348028183,"w":-0.4571141004562378},"size":6.7775750160217289,"orthographic":false}