{"cameraMode":{"drawMode":0,"name":"Shaded","section":"Shading Mode"},"sceneLighting":true,"audioPlay":false,"sceneViewState":{"showFog":true,"showMaterialUpdate":false,"showSkybox":true,"showFlares":true,"showImageEffects":true,"showParticleSystems":true},"in2DMode":false,"pivot":{"x":10.567153930664063,"y":10.020792007446289,"z":2.3398475646972658},"rotation":{"x":-0.1527097225189209,"y":0.010362681932747364,"z":-0.001507407519966364,"w":-0.9882625341415405},"size":10.623204231262207,"orthographic":false}