{"cameraMode":{"drawMode":0,"name":"Shaded","section":"Shading Mode"},"sceneLighting":true,"audioPlay":false,"sceneViewState":{"showFog":true,"showMaterialUpdate":false,"showSkybox":true,"showFlares":true,"showImageEffects":true,"showParticleSystems":true},"in2DMode":false,"pivot":{"x":-0.26165771484375,"y":82.16435241699219,"z":10.656387329101563},"rotation":{"x":-0.07374779880046845,"y":0.000001265704668185208,"z":0.00006782291166018695,"w":-0.9973376989364624},"size":93.08953094482422,"orthographic":false}