{"cameraMode":{"drawMode":0,"name":"Shaded","section":"Shading Mode"},"sceneLighting":false,"audioPlay":false,"sceneViewState":{"showFog":true,"showMaterialUpdate":false,"showSkybox":false,"showFlares":true,"showImageEffects":true,"showParticleSystems":true},"in2DMode":false,"pivot":{"x":0.04607677459716797,"y":0.23369121551513673,"z":-0.007271766662597656},"rotation":{"x":-0.16552497446537019,"y":0.07742641121149063,"z":-0.013036669231951237,"w":-0.9830767512321472},"size":15.02048397064209,"orthographic":false}