{"cameraMode":{"drawMode":0,"name":"Shaded","section":"Shading Mode"},"sceneLighting":false,"audioPlay":false,"sceneViewState":{"showFog":true,"showMaterialUpdate":false,"showSkybox":false,"showFlares":true,"showImageEffects":true,"showParticleSystems":true},"in2DMode":false,"pivot":{"x":7.450580596923828e-9,"y":0.5600000023841858,"z":0.0},"rotation":{"x":0.14597666263580323,"y":-0.8533974289894104,"z":0.32740259170532229,"w":0.37867462635040285},"size":0.08235601335763931,"orthographic":false}