{"cameraMode":{"drawMode":0,"name":"Shaded","section":"Shading Mode"},"sceneLighting":false,"audioPlay":false,"sceneViewState":{"showFog":true,"showMaterialUpdate":false,"showSkybox":false,"showFlares":true,"showImageEffects":true,"showParticleSystems":true},"in2DMode":false,"pivot":{"x":0.2900000214576721,"y":0.2901095747947693,"z":0.2900000214576721},"rotation":{"x":0.1503290832042694,"y":-0.7929114699363709,"z":0.21685397624969483,"w":0.5494058728218079},"size":0.5715134739875794,"orthographic":false}