{"cameraMode":{"drawMode":0,"name":"Shaded","section":"Shading Mode"},"sceneLighting":false,"audioPlay":false,"sceneViewState":{"showFog":true,"showMaterialUpdate":false,"showSkybox":false,"showFlares":true,"showImageEffects":true,"showParticleSystems":true},"in2DMode":false,"pivot":{"x":-0.004338033497333527,"y":0.0006763190031051636,"z":0.5644977688789368},"rotation":{"x":0.18717415630817414,"y":-0.812365710735321,"z":0.3730405569076538,"w":0.4074927270412445},"size":0.08235601335763931,"orthographic":false}