{"cameraMode":{"drawMode":0,"name":"Shaded","section":"Shading Mode"},"sceneLighting":false,"audioPlay":false,"sceneViewState":{"showFog":true,"showMaterialUpdate":false,"showSkybox":false,"showFlares":true,"showImageEffects":true,"showParticleSystems":true},"in2DMode":false,"pivot":{"x":0.3333333730697632,"y":0.33356162905693056,"z":0.3333333730697632},"rotation":{"x":0.05399787425994873,"y":-0.945462167263031,"z":0.21044479310512544,"w":0.24282677471637727},"size":0.7215560078620911,"orthographic":false}