{"cameraMode":{"drawMode":0,"name":"Shaded","section":"Shading Mode"},"sceneLighting":true,"audioPlay":false,"sceneViewState":{"showFog":true,"showMaterialUpdate":false,"showSkybox":true,"showFlares":true,"showImageEffects":true,"showParticleSystems":true},"in2DMode":false,"pivot":{"x":-22.952720642089845,"y":-51.60328674316406,"z":29.57321548461914},"rotation":{"x":-0.45767170190811159,"y":0.021611057221889497,"z":-0.011139090172946453,"w":-0.8888260722160339},"size":177.83267211914063,"orthographic":false}